"LWIC negative emotion (negemo), swear, anger, sad, death"
Liu 2005 negative sentiment lexicon
"Fast 2016 gender stereotypes: submissive, weak, violent, scary, hysterical, dominant, dependent, arrogant, angry, afraid"
"NRC emotion: Negative (associated with 'Anger', 'Disgust', 'Fear', 'Sadness')"

** after merging the lexicons we removed 65 words that occur also in the positive sentiment lexicon of Liu'05

abandon
abandon*
abandoned
abandonment
abduction
aberrant
aberration
abhor
abhorrent
abject
able
abnormal
abolish
abolition
abominable
abominably
abominate
abomination
abort
aborted
abortion
abortive
aborts
abrade
abrasion
abrasive
abrogate
abrupt
abruptly
abscess
abscond
absence
absent
absent-minded
absentee
absenteeism
absolute
absurd
absurdity
absurdly
absurdness
abuse
abuse*
abused
abuses
abusi*
abusive
abysmal
abysmally
abyss
accident
accidental
accost
accursed
accusation
accusations
accusative
accuse
accused
accuser
accuses
accusing
accusingly
acerbate
acerbic
acerbically
ache
ache*
ached
aches
achey
aching
acid
acrid
acridly
acridness
acrimonious
acrimoniously
acrimony
actionable
adamant
adamantly
adder
addict
addicted
addicting
addiction
addicts
adipose
adjudicate
admonish
admonisher
admonishingly
admonishment
admonition
adrift
adulterate
adulterated
adulteration
adulterier
adultery
advers*
adversarial
adversary
adverse
adversity
afflict
afflicted
affliction
afflictive
affront
afraid
aftermath
aftertaste
aged
aggravat*
aggravate
aggravated
aggravating
aggravation
aggress*
aggression
aggressive
aggressiveness
aggressor
aggrieve
aggrieved
aggrivation
aghast
agitat*
agitated
agitation
agonies
agoniz*
agonize
agonizing
agonizingly
agony
aground
ail
ailing
ailment
aimless
airs
alarm
alarm*
alarmed
alarming
alarmingly
alcoholic
alcoholism
alien
alienate
alienated
alienation
alimony
allegation
allegations
allege
allergic
allergies
allergy
alone
aloof
alpha
altercation
ambiguity
ambiguous
ambivalence
ambivalent
ambush
amiss
amnesia
amphetamines
amputate
amused
anaconda
anal
anarchism
anarchist
anarchistic
anarchy
anathema
ancient
anemic
anger
anger*
angina
angling
angr*
angrily
angriness
angry
anguish
anguish*
animosity
animus
annihilate
annihilated
annihilation
annoy
annoy*
annoyance
annoyances
annoyed
annoying
annoyingly
annoys
annul
annulment
anomalous
anomaly
anonymous
antagoni*
antagonism
antagonist
antagonistic
antagonize
anthrax
anti
anti-*
anti-american
anti-israeli
anti-occupation
anti-proliferation
anti-semites
anti-social
anti-us
anti-white
antichrist
antipathy
antiquated
antisocial
antithesis
antithetical
anxi*
anxieties
anxiety
anxious
anxiously
anxiousness
apache
apath*
apathetic
apathetically
apathy
aphid
apocalypse
apocalyptic
apologist
apologists
appal
appall
appall*
appalled
appalling
appallingly
appendicitis
apprehens*
apprehension
apprehensions
apprehensive
apprehensively
appropriation
arbitrary
arcane
archaic
arduous
arduously
argh*
argu*
argue
argument
argumentative
arid
armaments
armed
arraignment
arrears
arrest
arrogan*
arrogance
arrogant
arrogantly
arse
arsehole*
arsenic
arses
arson
artillery
asham*
ashamed
ashes
asinine
asininely
asinininity
askance
asperse
aspersion
aspersions
ass
assail
assailant
assassin
assassinate
assassination
assault
assault*
asses
asshole
asshole*
assult
assure
astray
astringent
asunder
asylum
atheism
atherosclerosis
atrocious
atrocities
atrocity
atrophy
attack
attack*
attacking
attacks
attenuated
attenuation
audacious
audaciously
audaciousness
audacity
audiciously
austere
austerity
authoritarian
autocrat
autocratic
autops*
autopsy
avalanche
avarice
avaricious
avariciously
avenge
avenger
averse
aversi*
aversion
avoid
avoid*
avoidance
awake
aweful
awful
awfully
awfulness
awkward
awkward*
awkwardness
awry
ax
babble
babbling
baboon
back-logged
back-wood
back-woods
backache
backaches
backaching
backbite
backbiting
backward
backwardness
backwards
backwater
backwood
backwoods
bacteria
bacterium
bad
badger
badly
badness
baffle
baffled
bafflement
baffling
bailiff
bait
bale
balk
balm
banal
banalize
bandit
bane
bang
banger
banish
banished
banishment
bankrupt
bankruptcy
banshee
barb
barbarian
barbaric
barbarically
barbarism
barbarity
barbarous
barbarously
bark
barred
barren
barricade
barrier
baseless
bash
bashed
bashful
bashful*
bashing
bastard
bastard*
bastards
batter
battered
battering
battery
battl*
battle
battled
battlefield
batty
bawdy
bayonet
bearer
bearish
beast
beastly
beat
beaten
beating
bedlam
bedlamite
befall
befoul
beg
beggar
beggarly
begging
beguile
behemoth
beholden
belabor
belated
beleaguer
belie
belittle
belittled
belittling
bellicose
belligerence
belligerent
belligerently
bellow
belt
bemoan
bemoaning
bemused
bender
bent
berate
bereave
bereave*
bereaved
bereavement
bereft
berserk
beseech
beset
besiege
besmirch
bestial
betray
betrayal
betrayals
betrayer
betraying
betrays
bewail
beware
bewilder
bewildered
bewildering
bewilderingly
bewilderment
bewitch
bias
biased
biases
bicker
bickering
bid-rigging
bier
big
bigot
bigoted
bigotries
bigotry
bile
biopsy
birch
birthplace
bitch
bitch*
bitchy
bite
biting
bitingly
bitter
bitter*
bitterly
bitterness
bizarre
blab
blabber
black
blackjack
blackmail
blackness
blah
blam*
blame
blameworthy
bland
blandish
blaspheme
blasphemous
blasphemy
blast
blasted
blatant
blatantly
blather
blaze
bleak
bleakly
bleakness
bleed
bleeding
bleeds
blemish
blight
blighted
blind
blinded
blinding
blindingly
blindly
blindness
blindside
blister
blistering
bloated
blob
blockade
blockage
blockhead
bloodshed
bloodthirsty
bloody
blot
blotchy
blow
blower
blowout
blues
bluff
blunder
blundering
blunders
blunt
blur
bluring
blurred
blurring
blurry
blurs
blurt
blush
boast
boastful
boasting
boggle
bogus
boil
boilerplate
boiling
boisterous
bold
bomb
bombard
bombardment
bombastic
bombed
bondage
bonds
bonkers
boob*
booby
bookworm
booming
booze
bore
bore*
bored
boredom
bores
boring
borrower
bossy
botch
bother
bother*
bothered
bothering
bothers
bothersome
bottom
bound
bout
bovine
bowdlerize
boycott
brag
braggart
bragger
brainless
brainwash
brandy
brash
brashly
brashness
brat
bravado
brawl
brazen
brazenly
brazenness
breach
break
break-up
break-ups
breakdown
breaking
breakneck
breaks
breakup
breakups
bribe
bribery
brigade
brimstone
bristle
brittle
broadside
broil
broke
broken
broken-hearted
brood
brothel
browbeat
bruise
bruised
bruises
bruising
brunt
brusque
brutal
brutal*
brutalising
brutalities
brutality
brutalize
brutalizing
brutally
brute
brutish
bs
buck
buckle
buffet
bug
bugaboo
bugging
buggy
bugs
bulbous
bulkier
bulkiness
bulky
bulkyness
bull*
bullies
bullshit
bullshyt
bully
bullying
bullyingly
bum
bummer
bump
bumped
bumping
bumpping
bumps
bumpy
bungle
bungler
bungling
bunk
burden
burden*
burdensome
burdensomely
bureaucracy
bureaucrat
burglar
burglary
burial
burial*
buried
burke
burn
burned
burning
burns
burnt
bury
bust
busted
busts
busybody
butcher
butchery
butt
butt's
butts
buzzed
buzzing
byzantine
cabal
cackle
cacophony
cadaver
cage
calamities
calamitous
calamitously
calamity
calculating
callous
calls
calumniate
calumniation
calumnies
calumnious
calumniously
calumny
campaigning
cancel
cancer
cancerous
canker
cannibal
cannibalism
cannibalize
cannon
capitulate
capricious
capriciously
capriciousness
capsize
captive
captivity
captor
capture
carcass
carcinoma
cardiomyopathy
careless
careless*
carelessness
caricature
caries
carnage
carnal
carnivorous
carp
cartel
cartoonish
case
cash-strapped
casket
casket*
caste
castigate
castrated
casualt*
casualty
cataclysm
cataclysmal
cataclysmic
cataclysmically
cataract
catastrophe
catastrophes
catastrophic
catastrophically
catastrophies
catheter
caustic
caustically
caution
cautionary
cautious
cave
cede
cemet*
cemetery
censor
censure
cess
cessation
chafe
chaff
chafing
chagrin
challenge
challenging
chaos
chaotic
charade
charge
chargeable
charmed
chase
chasten
chastise
chastisement
chatter
chatterbox
chatty
cheap
cheapen
cheaply
cheat
cheat*
cheated
cheater
cheating
cheats
checkered
cheerless
cheesecake
cheesy
chicane
chide
childish
chill
chilly
chintzy
chloroform
choke
cholera
choleric
chop
choppy
chore
chronic
chunky
cigarette
circumvention
clamor
clamorous
clash
clashing
claw
clenched
cliche
cliched
clingy
clique
clog
clogged
clogs
cloister
cloud
clouded
cloudiness
clouding
cloudy
clueless
clump
clumsy
clunky
coarse
cocaine
cock
cocks*
cocky
coerce
coercion
coercive
coffin
coffin*
cold
coldly
coldness
colic
collapse
collision
collude
collusion
coma
comatose
combat
combatant
combative
combust
comical
command
commiserate
committal
commonplace
commotion
commotions
communism
communist
competition
complacent
complain
complain*
complained
complaining
complains
complaint
complaints
complex
complexed
complexity
complicate
complicated
complication
complicit
complicity
compost
compulsion
compulsive
compulsory
conceal
concealed
concealment
concede
conceded
conceit
conceited
concen
concens
concern
concerned
concerns
concession
concessions
concussion
condemn
condemnable
condemnation
condemned
condemns
condescend
condescending
condescendingly
condescension
confess
confession
confessions
confine
confined
confinement
confiscate
confiscation
conflagration
conflict
conflicted
conflicting
conflicts
confound
confounded
confounding
confront
confront*
confrontation
confrontational
confus*
confuse
confused
confuses
confusing
confusion
confusions
congested
congestion
conjuring
conquest
cons
conscons
conservative
conspicuous
conspicuously
conspiracies
conspiracy
conspirator
conspiratorial
conspire
consternation
constipation
constrain
constrained
constraint
contagion
contagious
contaminate
contaminated
contaminates
contaminating
contamination
contempt
contempt*
contemptible
contemptuous
contemptuously
contend
contention
contentious
contort
contortions
contraband
contracted
contradic*
contradict
contradiction
contradictory
contrariness
contrary
contrasted
contravene
contravention
contrive
contrived
controversial
controversy
convict
conviction
convoluted
coop
copy
copycat
coroner
coroner*
corporal
corpse
corpse*
correction
corrode
corrosion
corrosions
corrosive
corrupt
corrupted
corrupting
corruption
corrupts
corruptted
costlier
costly
cough
counsellor
counter-productive
counterproductive
coupists
coursing
covet
covetous
coward
cowardice
cowardly
crabby
crack
cracked
cracking
cracks
craftily
craftly
crafty
cramp
cramped
cramping
crank
cranky
crap
crappy
craps
crash
crashed
crashes
crashing
crass
craven
cravenly
crawl
craz*
craze
crazed
crazily
craziness
crazy
creak
creaking
creaks
creature
credulous
creep
creeping
creeps
creepy
cremat*
crept
cried
cries
crime
criminal
criminality
cringe
cringed
cringes
cripple
crippled
cripples
crippling
crisis
critic
critical
critici*
criticism
criticisms
criticize
criticized
criticizing
critics
cronyism
crook
crooked
crooks
cross
crouching
crowded
crowdedness
cruciate
crucifixion
crude
crude*
cruel
cruel*
crueler
cruelest
cruelly
cruelness
cruelties
cruelty
crumble
crumbling
crummy
crumple
crumpled
crumples
crunch
crusade
crush
crushed
crushing
crusty
cry
crying
crypt
crypt*
cuckold
cuckoo
cull
culpability
culpable
culprit
cult
cumbersome
cunning
cunt
cunt*
cunts
cuplrit
cupping
curse
cursed
curses
cursing
cursory
curt
cuss
cussed
cut
cutter
cutthroat
cutting
cyanide
cyclone
cynic
cynical
cynicism
cyst
cytomegalovirus
d*mn
dabbling
daemon
daft
dagger
damag*
damage
damaged
damages
damaging
damn
damn*
damnable
damnably
damnation
damned
damning
damper
dandruff
dandy
dang
danger
danger*
dangerous
dangerousness
dare
dark
darken
darkened
darker
darkness
darn
dashed
dastard
dastardly
daunt
daunting
dauntingly
dawdle
daze
daze*
dazed
deactivate
dead
deadbeat
deadlock
deadly
deadweight
deaf
dearth
death
death*
debacle
debase
debasement
debaser
debatable
debauch
debaucher
debauchery
debilitate
debilitating
debility
debris
debt
debtor
debts
decadence
decadent
decay
decay*
decayed
decease*
deceased
deceit
deceitful
deceitfully
deceitfulness
deceive
deceived
deceiver
deceivers
deceiving
deception
deceptive
deceptively
declaim
declination
decline
declines
declining
decomposition
decrease
decrement
decrepit
decrepitude
decry
deduct
defamation
defamations
defamatory
defame
default
defeat
defeat*
defeated
defect
defect*
defection
defective
defects
defenc*
defens*
defenseless
defensive
deferral
defiance
defiant
defiantly
deficiencies
deficiency
deficient
deficit
defile
defiler
deflate
deflation
deform
deformed
deformity
defraud
defrauding
defunct
defy
degeneracy
degenerate
degenerately
degeneration
degrad*
degradation
degrade
degrading
degradingly
dehumanization
dehumanize
deign
deject
dejected
dejectedly
dejection
delay
delayed
delaying
delays
deleterious
deletion
delinquency
delinquent
delirious
delirium
delude
deluded
deluge
delusion
delusional
delusions
demand
demanding
demean
demeaning
demented
dementia
demise
demolish
demolisher
demolition
demon
demonic
demonize
demonized
demonizes
demonizing
demoralize
demoralized
demoralizing
demoralizingly
denial
denied
denies
denigrate
denounce
dense
dent
dented
dents
denunciate
denunciation
denunciations
deny
denying
departed
departure
dependence
dependency
dependent
deplete
deplorable
deplorably
deplore
deploring
deploringly
deport
deportation
deprave
depraved
depravedly
depravity
deprecate
depreciate
depreciated
depreciation
depress
depress*
depressed
depressing
depressingly
depression
depressions
depressive
depriv*
deprivation
deprive
deprived
deranged
derelict
deride
derision
derisive
derisively
derisiveness
derogation
derogatory
desecrate
desecration
desert
deserted
desertion
desiccate
desiccated
desist
desititute
desolate
desolately
desolation
despair
despair*
despairing
despairingly
desperat*
desperate
desperately
desperation
despicable
despicably
despis*
despise
despised
despoil
despoiler
despondence
despondency
despondent
despondently
despot
despotic
despotism
destabilisation
destains
destitute
destitution
destroy
destroy*
destroyed
destroyer
destroying
destruct*
destruction
destructive
desultory
detachment
detain
detainee
detention
deter
deteriorate
deteriorated
deteriorating
deterioration
deterrent
detest
detestable
detestably
detested
detesting
detests
detonate
detract
detracted
detracting
detraction
detracts
detriment
detrimental
detritus
devastat*
devastate
devastated
devastates
devastating
devastatingly
devastation
deviate
deviation
devil
devil*
devilish
devilishly
devilment
devilry
devious
deviously
deviousness
devoid
devolution
devour
diabolic
diabolical
diabolically
diagnosis
diametrically
diappointed
diatribe
diatribes
dick
dicks
dictator
dictatorial
dictatorship
die
die-hard
died
dies
difficult
difficult*
difficulties
difficulty
diffidence
digress
dilapidated
dilemma
dilly-dally
dilute
dim
diminish
diminished
dimmer
din
ding
dings
dinky
dire
direly
direness
dirt
dirtbag
dirtbags
dirts
dirty
disability
disable
disabled
disaccord
disadvantage
disadvantage*
disadvantaged
disadvantageous
disadvantages
disaffect
disaffected
disaffirm
disagree
disagree*
disagreeable
disagreeably
disagreed
disagreeing
disagreement
disagrees
disallow
disallowed
disapointed
disapointing
disapointment
disappoint
disappoint*
disappointed
disappointing
disappointingly
disappointment
disappointments
disappoints
disapprobation
disapproval
disapprove
disapproved
disapproving
disarm
disarray
disaster
disaster*
disasterous
disastrous
disastrously
disavow
disavowal
disbelief
disbelieve
disbeliever
discards
discharge
discipline
disclaim
discoloration
discolored
discombobulate
discomfit
discomfititure
discomfort
discomfort*
discompose
disconcert
disconcerted
disconcerting
disconcertingly
disconnect
disconnected
disconnection
disconsolate
disconsolately
disconsolation
discontent
discontented
discontentedly
discontinue
discontinued
discontinuity
discontinuous
discord
discordance
discordant
discountenance
discourag*
discourage
discouragement
discouraging
discouragingly
discourteous
discourteously
discoutinous
discredit
discrepant
discriminate
discriminating
discrimination
discriminatory
disdain
disdained
disdainful
disdainfully
disease
diseased
disembodied
disengagement
disfavor
disfigured
disgrace
disgraced
disgraceful
disgracefully
disgruntle
disgruntled
disgust
disgust*
disgusted
disgustedly
disgustful
disgustfully
disgusting
disgustingly
dishearten
dishearten*
disheartened
disheartening
dishearteningly
dishonest
dishonestly
dishonesty
dishonor
dishonorable
dishonorablely
disillusion
disillusion*
disillusioned
disillusionment
disillusions
disinclination
disinclined
disinformation
disingenuous
disingenuously
disintegrate
disintegrated
disintegrates
disintegration
disinterest
disinterested
dislike
disliked
dislikes
disliking
dislocated
disloyal
disloyalty
dismal
dismally
dismalness
dismay
dismay*
dismayed
dismaying
dismayingly
dismemberment
dismissal
dismissive
dismissively
disobedience
disobedient
disobey
disoobedient
disorder
disordered
disorderly
disorganized
disorient
disoriented
disown
disparage
disparaging
disparagingly
disparity
dispassionate
dispel
dispensable
dispersion
dispirit
dispirited
dispiritedly
dispiriting
displace
displaced
displease
displeased
displeasing
displeasure
disposal
dispossessed
disproportionate
disprove
disputable
dispute
disputed
disqualification
disqualified
disqualify
disquiet
disquieting
disquietingly
disquietude
disregard
disregarded
disregardful
disreputable
disrepute
disrespect
disrespectable
disrespectablity
disrespectful
disrespectfully
disrespectfulness
disrespecting
disrupt
disruption
disruptive
diss
dissapointed
dissappointed
dissappointing
dissatisf*
dissatisfaction
dissatisfactory
dissatisfied
dissatisfies
dissatisfy
dissatisfying
dissed
dissemble
dissembler
dissension
dissent
dissenter
dissenting
dissention
disservice
disses
dissidence
dissident
dissidents
dissing
dissocial
dissolute
dissolution
dissonance
dissonant
dissonantly
dissuade
dissuasive
distains
distaste
distasteful
distastefully
distort
distorted
distortion
distorts
distract
distract*
distracted
distracting
distraction
distraught
distraughtly
distraughtness
distress
distress*
distressed
distressing
distressingly
distrust
distrust*
distrustful
distrusting
disturb
disturb*
disturbance
disturbed
disturbing
disturbingly
disunity
disuse
disused
disvalue
divergent
diverse
divested
divestment
divisive
divisively
divisiveness
divorce
dizziness
dizzing
dizzingly
dizzy
doa
docked
doddering
dodgey
dogged
doggedly
dogmatic
doit
doldrums
dole
dolor
domina*
dominant
dominate
domination
domineer
domineering
donkey
donside
doodle
doom
doom*
doomed
doomsday
dope
dork*
doubt
doubt*
doubtful
doubtfully
doubting
doubts
douchbag
douche
douchebag
douchebags
dour
downbeat
downcast
downer
downfall
downfallen
downgrade
downhearted
downheartedly
downhill
downside
downsides
downturn
downturns
drab
draconian
draconic
drag
dragged
dragging
dragoon
drags
drain
drainage
drained
draining
drains
dramatic
drastic
drastically
drawback
drawbacks
dread
dread*
dreadful
dreadfully
dreadfulness
dreary
drinking
dripped
dripping
drippy
drips
drive
drivel
drone
drones
droop
drooping
droops
drop-out
drop-outs
dropout
dropouts
drought
drown
drown*
drowning
drowsiness
drudgery
drunk
drunkard
drunken
drunkenness
dubious
dubiously
dubitable
dud
dull
dull*
dullard
dumb
dumb*
dumbfound
dummy
dump
dump*
dumped
dumping
dumps
dunce
dungeon
dungeons
dupe
duplicity
duress
dust
dusty
dwarfed
dwell*
dwindling
dying
dyke*
dysentery
earsplitting
earthquake
eavesdropping
eccentric
eccentricity
edict
effeminate
effigy
effrontery
egocentric
egomania
egotis*
egotism
egotistical
egotistically
egregious
egregiously
eject
ejection
elderly
election-rigger
elimination
elusive
emaciated
emasculate
embalm*
embargo
embarrass
embarrass*
embarrassing
embarrassingly
embarrassment
embattled
embezzlement
embolism
embroil
embroiled
embroilment
emergency
emotional
emotionless
emphatic
emphatically
empt*
emptiness
enclave
encroach
encroachment
encumbrance
endanger
endangered
endemic
endless
enemie*
enemies
enemy
enemy*
enervate
enfeeble
enflame
enforce
enforcement
engulf
enigmatic
enjoin
enmity
enrag*
enrage
enraged
enraging
enslave
enslaved
enslavement
entangle
entangled
entanglement
entrails
entrap
entrapment
envie*
envious
enviously
enviousness
envy*
epidemic
epidemic*
epilepsy
equivocal
eradicate
eradication
erase
erode
erodes
erosion
erotic
err
errant
erratic
erratically
erratum
erroneous
erroneously
error
errors
erupt
eruption
eruptions
escalate
escapade
escape
eschew
espionage
estranged
euthanasia
evacuate
evacuation
evade
evasion
evasive
evict
eviction
evil
evil*
evildoer
evils
eviscerate
exacerbate
exacerbation
exact
exacting
exagerate
exagerated
exagerates
exaggerate
exaggerated
exaggeration
examination
exasperate
exasperated
exasperating
exasperatingly
exasperation
excavation
excess
excessive
excessively
excise
excluded
excluding
exclusion
excoriate
excrement
excruciat*
excruciating
excruciatingly
excuse
excuses
execrate
execution
execution*
executioner
exhaust
exhaust*
exhausted
exhaustion
exhausts
exhorbitant
exhort
exigent
exile
exorbitant
exorbitantance
exorbitantly
exorcism
expatriate
expel
expenditure
expenses
expensive
expire
expired
expletive
explode
exploit
exploitation
explosion
explosive
exposed
expropriate
expropriation
expulse
expulsion
expunge
exterminat*
exterminate
extermination
extinct
extinguish
extort
extortion
extrajudicial
extraneous
extravagance
extravagant
extravagantly
extremism
extremist
extremists
extremity
eyesore
f**k
fabricate
fabrication
facetious
facetiously
fade
faeces
fail
fail*
failed
failing
fails
failure
failures
faint
fainthearted
fainting
faithless
fake
fall
fallacies
fallacious
fallaciously
fallaciousness
fallacy
fallen
fallible
falling
fallout
fallow
falls
FALSE
falsehood
falsely
falsification
falsify
falsity
falter
faltered
famine
famished
fanatic
fanatical
fanatically
fanaticism
fanatics
fanciful
far-fetched
farce
farcical
farcical-yet-provocative
farcically
farfetched
fascism
fascist
fastidious
fastidiously
fasting
fastuous
fat
fat-cat
fat-cats
fatal
fatal*
fatalistic
fatalistically
fatality
fatally
fatcat
fatcats
fate
fateful
fatefully
fathomless
fatigu*
fatigue
fatigued
fatique
fatty
fatuity
fatuous
fatuously
fault
fault*
faults
faulty
fawn
fawningly
faze
fear
feared
fearful
fearful*
fearfully
fearing
fears
fearsome
febrile
fecal
feces
feckless
feeble
feeblely
feebleminded
feel
feeling
feign
feigned
feint
feisty
fell
felon
felonious
felony
ferment
feroc*
ferocious
ferociously
ferocity
fetid
feud
feud*
feudal
feudalism
fever
feverish
fevers
fiasco
fib
fibber
fickle
fiction
fictional
fictitious
fidget
fidgety
fiend
fiendish
fierce
fiery
fight
fight*
fighting
figurehead
filibuster
filth
filthy
finagle
finicky
firearms
fired
firm
fissures
fist
fits
flabbergast
flabbergasted
flabby
flaccid
flagging
flagrant
flagrantly
flair
flairs
flak
flake
flakey
flakieness
flaking
flaky
flap
flare
flares
flareup
flareups
flat-out
flatulence
flaunt
flaw
flawed
flaws
flea
flee
fleece
fleed
fleeing
fleer
flees
fleeting
fleshy
flicering
flicker
flickering
flickers
flighty
flimflam
flimsy
flinch
flirt
flirty
flog
floored
flop
flounder
floundering
flout
fluctuation
flunk*
fluster
flustered
foe
foe*
foiled
folly
fool
fool*
fooled
foolhardy
foolish
foolishly
foolishness
forage
foray
forbid
forbid*
forbidden
forbidding
force
forced
forceful
forcibly
foreboding
forebodingly
foreclose
forego
foreign
foreigner
forewarned
forfeit
forfeited
forfeiture
forged
forgery
forget
forgetful
forgetfully
forgetfulness
forgotten
forlorn
forlornly
formless
fornication
forsake
forsaken
forswear
fought
foul
foully
foulness
fractious
fractiously
fracture
fragile
fragmented
frail
frailty
frantic
frantic*
frantically
franticly
fraud
fraudulent
fraught
fray
frayed
frazzle
frazzled
freak
freak*
freaking
freakish
freakishly
freaks
freaky
freeze
freezes
freezing
frenetic
frenetically
frenzied
frenzy
fret
fretful
frets
friction
frictions
fried
friggin
frigging
fright
fright*
frighten
frightened
frightening
frighteningly
frightful
frightfully
frigid
frivolous
front
frost
frostbite
froth
frown
frowning
froze
frozen
fruitless
fruitlessly
frustrat*
frustrate
frustrated
frustrates
frustrating
frustratingly
frustration
frustrations
fuck
fucked*
fucker*
fuckin*
fucking
fucks
fudge
fugitive
full-blown
fulminate
fumble
fume
fume*
fumes
fuming
fundamentalism
funer*
fungus
funk
funky
funnily
funny
furious
furious*
furiously
furor
furrow
fury
fuss
fussy
fustigate
fusty
futile
futilely
futility
fuzzy
gabble
gaby
gaff
gaffe
gainsay
gainsayer
gall
galling
gallingly
gallows
galls
gamble
gambler
gambling
gang
gangster
gaol
gape
garbage
garish
garnish
gash
gasp
gasping
gauche
gaudy
gaunt
gawk
gawky
geek*
geezer
genocid*
genocide
gent
geriatric
get-rich
ghastly
ghetto
ghost*
ghosting
ghostly
gibber
gibberish
gibe
giddy
gigantic
giggle
gimmick
gimmicked
gimmicking
gimmicks
gimmicky
glacial
glare
glaring
glaringly
glib
glibly
glitch
glitches
gloatingly
gloom
gloom*
gloomy
glower
glum
glut
gluttony
gnawing
gnome
goad
goading
goblin
god-awful
goddam*
goddamn
godless
gonorrhea
goof
goofy
goon
gore
gorge
gorilla
gory
gossip
gossip*
gouge
gout
government
grab
graceless
gracelessly
graft
grainy
grapple
grasping
grate
grated
grating
grave
grave*
gravely
greasy
greed
greed*
greedy
grenade
grief
griev*
grievance
grievances
grieve
grieving
grievous
grievously
grim
grim*
grimace
grime
grimy
grind
grinding
gripe
gripes
grisly
gritty
grizzly
groan
grope
gross
gross*
grossly
grotesque
grouch
grouch*
grouchy
grounded
groundless
grouse
growl
growling
grr*
grudge
grudges
grudging
grudgingly
gruesome
gruesomely
gruff
grumble
grumpier
grumpiest
grumpily
grumpish
grumpy
grunt
guerilla
guile
guillotine
guilt
guilt*
guiltily
guilty
guise
gull
gullible
gulp
gutless
gutter
guzzling
gypsy
hack
hacks
haggard
haggle
hail
hairloss
hairy
halfhearted
halfheartedly
halfway
hallucinate
hallucination
halter
halting
hamper
hampered
hamstring
handicap
handicapped
hang
hanging
hangman
hangs
haphazard
hapless
harangue
harass
harass*
harassed
harasses
harassment
harbinger
harboring
harbors
hard
hard-hit
hard-line
hard-liner
hardball
harden
hardened
hardheaded
hardhearted
hardliner
hardliners
hardness
hardship
hardships
harlot
harm
harmed
harmful
harmful*
harming
harms
harpy
harridan
harried
harrow
harrowing
harry
harsh
harshly
harshness
hash
hashish
hasseling
hassle
hassled
hassles
haste
hastily
hasty
hate
hated
hateful
hateful*
hatefully
hatefulness
hater
hater*
haters
hates
hating
hatred
haughtily
haughty
haunt
haunted
haunting
havoc
hawkish
haywire
hazard
hazardous
haze
hazy
head-aches
headache
headaches
heady
hearing
hearsay
hearse
hearse*
heartache
heartbreak*
heartbreaker
heartbreaking
heartbreakingly
heartbroke*
heartbroken
heartburn
heartless
heartless*
heated
heathen
heavily
heavy-handed
heavyhearted
heck
heckle
heckled
heckles
hectic
hedge
hedonism
hedonistic
heedless
heel
hefty
hegemonism
hegemonistic
hegemony
heighten
heinous
hell
hell-bent
hellion
hellish
hells
helpless
helpless*
helplessly
helplessness
hemorrhage
hemorrhoids
heresy
heretic
heretical
hermaphrodite
heroin
herpes
herpesvirus
hesita*
hesitant
hesitation
hestitant
hidden
hide
hideous
hideously
hideousness
high-priced
higher
highest
hiliarious
hinder
hindering
hindrance
hippie
hiss
hissed
hissing
hit
hitherto
hive
ho-hum
hoard
hoarse
hoary
hoax
hobble
hobo
hogs
holler
hollow
holocaust
holocaust*
homeless
homesick
homesick*
homicidal
homicide
homo
homocid*
homosexuality
hood
hooded
hoodium
hoodwink
hooked
hooligan
hoot
hopeless
hopeless*
hopelessly
hopelessness
horde
horr*
horrendous
horrendously
horrible
horribly
horrid
horrific
horrified
horrifies
horrify
horrifying
horrifys
horror
horrors
hostage
hostil*
hostile
hostilities
hostility
hot
hotbeds
hothead
hotheaded
hothouse
howl
hubris
huckster
huff
huge
hum
humbug
humid
humiliat*
humiliate
humiliating
humiliation
humming
hunch
hung
hungry
hunter
hunting
hurricane
hurried
hurt
hurt*
hurted
hurtful
hurting
hurts
husky
hustler
hydra
hydrocephalus
hype
hyper
hyperbole
hypocricy
hypocrisy
hypocrite
hypocrites
hypocritical
hypocritically
hysteria
hysteric
hysterical
hysterically
hysterics
idiocies
idiocy
idiot
idiot*
idiotic
idiotically
idiots
idle
idler
idolatry
ignoble
ignominious
ignominiously
ignominy
ignor*
ignorance
ignorant
ignore
ill-advised
ill-conceived
ill-defined
ill-designed
ill-fated
ill-favored
ill-formed
ill-mannered
ill-natured
ill-sorted
ill-tempered
ill-treated
ill-treatment
ill-usage
ill-used
illegal
illegality
illegally
illegible
illegitimate
illicit
illiterate
illness
illogic
illogical
illogically
illusion
illusions
illusory
imaginary
imbalance
imbecile
imbroglio
imitated
imitation
immaterial
immature
immaturity
immediately
imminence
imminently
immobilized
immoderate
immoderately
immodest
immoral
immoral*
immorality
immorally
immortal*
immovable
impair
impaired
impairment
impassable
impasse
impatien*
impatience
impatient
impatiently
impeach
impeachment
impedance
impede
impediment
impending
impenitent
imperfect
imperfection
imperfections
imperfectly
imperialist
imperil
imperious
imperiously
impermissible
impersonal
impersonate
impersonation
impertinent
impetuous
impetuously
impiety
impinge
impious
implacable
implausible
implausibly
implicate
implication
implode
impolite
impolite*
impolitely
impolitic
importunate
importune
impose
imposers
imposing
imposition
impossible
impossiblity
impossibly
impotence
impotent
impound
impoverish
impoverished
impracticable
impractical
imprecate
imprecise
imprecisely
imprecision
imprison
imprisoned
imprisonment
improbability
improbable
improbably
improper
improperly
impropriety
imprudence
imprudent
impudence
impudent
impudently
impugn
impulsive
impulsively
impunity
impure
impurity
imputation
inability
inaccessible
inaccuracies
inaccuracy
inaccurate
inaccurately
inaction
inactive
inactivity
inadequa*
inadequacy
inadequate
inadequately
inadmissible
inadverent
inadverently
inadvisable
inadvisably
inane
inanely
inapplicable
inappropriate
inappropriately
inapt
inaptitude
inarticulate
inattention
inattentive
inaudible
incalculable
incapable
incapably
incapacity
incarceration
incase
incautious
incendiary
incense
incessant
incessantly
incest
incestuous
incineration
incite
incitement
incivility
inclement
incognizant
incoherence
incoherent
incoherently
income
incommensurate
incomparable
incomparably
incompatability
incompatibility
incompatible
incompetence
incompetent
incompetently
incomplete
incompleteness
incompliant
incomprehensible
incomprehension
inconceivable
inconceivably
incongruous
incongruously
inconsequent
inconsequential
inconsequentially
inconsequently
inconsiderate
inconsiderately
inconsistence
inconsistencies
inconsistency
inconsistent
inconsolable
inconsolably
inconstant
inconvenience
inconvenient
inconveniently
incorrect
incorrectly
incorrigible
incorrigibly
incredulous
incredulously
incrimination
incubus
inculcate
incur
incurable
incursion
indecency
indecent
indecently
indecis*
indecision
indecisive
indecisively
indecorum
indefensible
indelicate
indemnify
indenture
independent
indeterminable
indeterminably
indeterminate
indict
indictment
indifference
indifferent
indigent
indignant
indignantly
indignation
indignity
indiscernible
indiscreet
indiscreetly
indiscretion
indiscriminate
indiscriminately
indiscriminating
indistinct
indistinguishable
indoctrinate
indoctrination
indolent
indulge
ineffect*
ineffective
ineffectively
ineffectiveness
ineffectual
ineffectually
ineffectualness
inefficacious
inefficacy
inefficiency
inefficient
inefficiently
inelegance
inelegant
ineligible
ineloquent
ineloquently
inept
ineptitude
ineptly
inequalities
inequality
inequitable
inequitably
inequities
inert
inescapable
inescapably
inessential
inevitable
inevitably
inexcusable
inexcusably
inexorable
inexorably
inexperience
inexperienced
inexpert
inexpertly
inexpiable
inexplainable
inexplicable
inextricable
inextricably
infamous
infamously
infamy
infanticide
infantile
infarct
infect
infected
infection
infections
infectious
inferior
inferior*
inferiority
infernal
inferno
infertility
infest
infestation
infested
infidel
infidelity
infidels
infiltration
infiltrator
infiltrators
infirm
infirmity
inflame
inflammation
inflammatory
inflammed
inflated
inflation
inflationary
inflexible
inflict
infliction
influence
influenza
informer
infraction
infrequently
infringe
infringement
infringements
infuriate
infuriated
infuriating
infuriatingly
inglorious
ingrate
ingratitude
inhib*
inhibit
inhibition
inhospitable
inhospitality
inhuman
inhumane
inhumanity
inimical
inimically
iniquitous
iniquity
injudicious
injunction
injure
injured
injurious
injury
injustice
injustices
inmate
innuendo
inoperable
inoperative
inopportune
inordinate
inordinately
insane
insanely
insanity
insatiable
insecur*
insecure
insecurity
insensible
insensitive
insensitively
insensitivity
insidious
insidiously
insignificance
insignificant
insignificantly
insincer*
insincere
insincerely
insincerity
insinuate
insinuating
insinuation
insipid
insist
insociable
insolence
insolent
insolently
insolvency
insolvent
insouciance
instability
instable
instigate
instigation
instigator
instigators
insubordinate
insubstantial
insubstantially
insufferable
insufferably
insufficiency
insufficient
insufficiently
insular
insult
insult*
insulted
insulting
insultingly
insults
insupportable
insupportably
insurgent
insurmountable
insurmountably
insurrection
intefere
inteferes
intense
inter
interdiction
interfere
interference
interferes
interment
interminable
intermittent
interrup*
interrupt
interrupted
interruption
interruptions
intervention
intestate
intimidat*
intimidate
intimidating
intimidatingly
intimidation
intolerable
intolerablely
intolerance
intolerant
intoxicate
intoxicated
intractable
intransigence
intransigent
intrude
intruder
intrusion
intrusive
inundate
inundated
invade
invader
invalid
invalidate
invalidation
invalidity
invasion
invasive
invective
inveigle
invidious
invidiously
invidiousness
invisible
involuntarily
involuntary
involution
irascible
irate
irately
ire
irk
irked
irking
irks
irksome
irksomely
irksomeness
irksomenesses
ironic
ironical
ironically
ironies
irons
irony
irragularity
irrational
irrational*
irrationalities
irrationality
irrationally
irrationals
irreconcilable
irrecoverable
irrecoverableness
irrecoverablenesses
irrecoverably
irredeemable
irredeemably
irreformable
irregular
irregularity
irrelevance
irrelevant
irreparable
irreplacible
irrepressible
irresolute
irresolvable
irresponsible
irresponsibly
irretating
irretrievable
irreverent
irreversible
irrevocable
irrita*
irritability
irritable
irritably
irritant
irritate
irritated
irritating
irritation
irritations
isolat*
isolate
isolated
isolation
issue
issues
itch
itching
itchy
jabber
jaded
jagged
jail
jam
jargon
jarring
jaundice
jaundiced
jealous
jealous*
jealously
jealousness
jealousy
jeer
jeering
jeeringly
jeers
jeez
jeopardize
jeopardy
jerk
jerked
jerks
jerky
jitter
jitters
jittery
job-killing
jobless
john
joke
joker
jolt
jornada
judder
juddering
judders
jumble
jump
jumpy
junk
junky
junkyard
junta
jutter
jutters
juvenile
kaput
kern
kick
kidnap
kill
kill*
killed
killer
killing
killjoy
kills
kite
knave
knell
knife
knock
knotted
kook
kooky
labored
laborious
labyrinth
lace
lack
lackadaisical
lacked
lackey
lackeys
lacking
lackluster
lacks
laconic
laden
lag
lagged
lagging
laggy
lags
laid-off
lair
lambast
lambaste
lame
lame*
lame-duck
lament
lamentable
lamentably
landslide
languid
languish
languishing
languor
languorous
languorously
lanky
lapse
lapsed
lapses
larceny
lascivious
lash
last-ditch
late
latency
lateness
latent
latrines
laugh
laughable
laughably
laughingstock
lava
lawbreaker
lawbreaking
lawless
lawlessness
lawsuit
lawyer
laxative
layoff
layoff-happy
lazie*
lazy
leak
leakage
leakages
leaking
leaks
leaky
leave
lech
lecher
lecherous
lechery
leech
leeches
leer
leery
left-leaning
lemon
lengthy
leprosy
lesbian
less-developed
lessen
lesser
lesser-known
letch
lethal
lethal*
lethargic
lethargy
leukemia
levy
lewd
lewdly
lewdness
liabilit*
liability
liable
liaison
liar
liar*
liars
libel
liberal
licentious
licentiously
licentiousness
lick
lie
lied
lier
lies
life-threatening
lifeless
limit
limitation
limitations
limited
limits
limp
lint
liquor
listless
litigant
litigate
litigation
litigious
litter
little
little-known
livid
lividly
loaf
loafer
loath
loathe
loathing
loathly
loathsome
loathsomely
lobbyist
lockup
locust
lofty
lone
lone*
loneliness
lonely
loner
lonesome
long-time
long-winded
longing
longing*
longingly
loom
loon
loony
loophole
loopholes
loose
loot
lord
lorn
lose
loser
loser*
losers
loses
losing
loss
loss*
losses
lost
loud
louder
loudness
lounge
lous*
louse
lousy
loveless
lovelorn
low
low*
low-rated
lower
lowering
lowest
lowlands
lowly
luckless*
ludicrous
ludicrous*
ludicrously
lugubrious
lukewarm
lull
lumbering
lump
lumpy
lunacy
lunatic
lunaticism
lunge
lurch
lure
lurid
lurk
lurking
lust
lustful
lying
lynch
lynch*
macabre
mace
mad
madden
maddening
maddeningly
madder
maddest
madly
madman
madness
mafia
maggot
major
makeshift
maladjusted
maladjustment
malady
malaise
malaria
malcontent
malcontented
male
maledict
malevolence
malevolent
malevolently
malfeasance
malformation
malice
malicious
maliciously
maliciousness
malign
malignancy
malignant
malodorous
malpractice
maltreatment
mandamus
mange
mangle
mangled
mangles
mangling
mania
maniac
maniac*
maniacal
manic
manipulate
manipulation
manipulative
manipulators
manslaughter
manslaughter*
manure
mar
margin
marginal
marginally
maroon
married
marry
martingale
martyr
martyrdom
martyrdom-seeking
masculine
mashed
masked
masochis*
masochism
massacre
massacre*
massacres
materialism
materialist
maternal
matte
mausoleum*
mawkish
mawkishly
mawkishness
meager
mean
meandering
meanest
meaningless
meanness
measles
measly
meddle
meddlesome
mediocre
mediocrity
melanchol*
melancholic
melancholy
melee
melodrama
melodramatic
melodramatically
meltdown
menace
menacing
menacingly
mendacious
mendacity
menial
mental
mercenary
merciless
mercilessly
mess
messed
messes
messing
messy
metastasis
methanol
midget
midwife
miff
mildew
militancy
military
militia
mimicry
mindless
mindlessly
minimize
minimum
minority
mirage
mire
misalign
misaligned
misaligns
misapprehend
misbecome
misbecoming
misbegotten
misbehave
misbehavior
miscalculate
miscalculation
miscarriage
miscellaneous
mischief
mischievous
mischievously
misconception
misconceptions
misconduct
miscreant
miscreants
misdirection
miser
miser*
miserable
miserableness
miserably
miseries
miserly
misery
misfit
misfortune
misgiving
misgivings
misguidance
misguide
misguided
mishandle
mishap
misinform
misinformed
misinterpret
misinterpretation
misjudge
misjudgment
mislead
misleading
misleadingly
mislike
mismanage
mismanagement
mismatch
misnomer
misplace
misplaced
mispronounce
mispronounced
mispronounces
misread
misreading
misrepresent
misrepresentation
misrepresented
miss
missed
misses
missing
misstatement
mist
mistak*
mistake
mistaken
mistakenly
mistakes
mistified
mistress
mistrust
mistrustful
mistrustfully
mists
misunderstand
misunderstanding
misunderstandings
misunderstood
misuse
mite
moan
mobster
mock
mocked
mocker*
mockeries
mockery
mocking
mockingly
mocks
mofo
molest
molest*
molestation
monochrome
monopolist
monotonous
monotony
monsoon
monster
monstrosities
monstrosity
monstrous
monstrously
mooch*
moodi*
moody
moot
mope
morbid
morbidity
morbidly
mordant
mordantly
morgue
morgue*
moribund
moron
moron*
moronic
morons
morsel
mortal
mortal*
mortality
mortician*
mortification
mortified
mortify
mortifying
mortuary
mosquito
mother
motherf*
motionless
motley
mourn
mourn*
mourner
mournful
mournfully
mourning
muck
muddle
muddled
muddy
mudslinger
mudslinging
muff
muffled
mule
mulish
multi-polarization
mumble
mumps
mundane
murder
murder*
murderer
murderous
murderously
murky
muscle-flexing
muscular
mushy
muss
musty
mutant
mutilated
mutilation
mutiny
mutter
muzzle
myopia
myth
nadir
nag
nag*
nagging
naive
naively
naked
nameless
nappy
narcotic
narrower
nast*
nastily
nastiness
nasty
naughty
nausea
nauseate
nauseates
nauseating
nauseatingly
nauseous
na√Øve
naive
nebulous
nebulously
needful
needless
needlessly
needy
nefarious
nefariously
negate
negation
negative
negatives
negativity
neglect
neglect*
neglected
neglecting
negligence
negligent
negligently
negro
nemesis
nepotism
nerd*
nervous
nervous*
nervously
nervousness
nether
nettle
nettlesome
neuralgia
neurosis
neurotic
neurotic*
neurotically
newborn
nicotine
nigger
nigger*
niggle
niggles
nightmare
nightmarish
nightmarishly
nihilism
nitpick
nitpicking
noise
noises
noisier
noisy
non-confidence
noncompliance
nonexistent
nonresponsive
nonsense
nonsensical
noose
nosey
nothingness
notoriety
notorious
notoriously
noxious
nuisance
nullify
numb
numb*
numbness
obese
obesity
obit
obit*
obituary
object
objection
objectionable
objections
oblige
obligor
oblique
obliterate
obliterated
obliteration
oblivion
oblivious
obnoxious
obnoxious*
obnoxiously
obscene
obscenely
obscenity
obscure
obscured
obscures
obscurity
obsess
obsess*
obsessive
obsessively
obsessiveness
obsolete
obstacle
obstinate
obstinately
obstruct
obstructed
obstructing
obstruction
obstructive
obstructs
obtrusive
obtuse
occlude
occluded
occludes
occluding
occult
od
odd
odder
oddest
oddities
oddity
oddly
oded
odious
odor
offence
offence*
offend
offend*
offended
offender
offending
offens*
offense
offenses
offensive
offensively
offensiveness
offhand
official
officious
offing
ogre
old
olfactory
oligarchy
omen
ominous
ominously
omission
omit
omnipotence
one-sided
onerous
onerously
onslaught
onus
ooze
opaque
operatic
opiate
opinionated
opium
opponent
opportunistic
oppose
opposed
opposition
oppositions
oppress
oppression
oppressive
oppressively
oppressiveness
oppressor
oppressors
ordeal
ordnance
original
orphan
ostensibly
ostracize
oust
outbreak
outburst
outbursts
outcast
outcry
outgoing
outhouse
outlandish
outlaw
outmoded
outrag*
outrage
outraged
outrageous
outrageously
outrageousness
outrages
outsider
over-acted
over-awe
over-balanced
over-hyped
over-priced
over-valuation
overact
overacted
overawe
overbalance
overbalanced
overbearing
overbearingly
overblown
overburden
overcast
overdo
overdone
overdose
overdosed
overdue
overemphasize
overestimated
overflow
overgrown
overheat
overkill
overload
overloaded
overlook
overpaid
overpayed
overplay
overpower
overpowering
overpriced
overprotective
overrated
overreach
overrun
overshadow
oversight
oversights
oversimplification
oversimplified
oversimplify
oversize
overstate
overstated
overstatement
overstatements
overstates
overtaxed
overthrow
overthrows
overturn
overweight
overwhelm
overwhelm*
overwhelmed
overwhelming
overwhelmingly
overwhelms
overzealous
overzealously
overzelous
owing
oxidation
pain
pained
painf*
painful
painfull
painfully
paining
pains
pale
pales
pallbearer*
palsy
paltry
pan
pandemic
pandemonium
pander
pandering
panders
pang
panic
panic*
panick
panicked
panicking
panicky
parade
paradoxical
paradoxically
paralize
paralysis
paralyzed
paranoi*
paranoia
paranoid
paraphrase
parasite
pare
pariah
parody
parrot
parsimonious
partiality
partisan
partisans
passe
passive
passiveness
passivity
patch
pathetic
pathetic*
pathetically
patronize
patronizing
patter
paucity
pauper
paupers
pawn
payback
payment
peculiar
peculiar*
peculiarities
peculiarly
pedantic
pedestrian
peeled
peeve
peeved
peevish
peevishly
penal
penalize
penalty
penetration
penitentiary
perdition
perfidious
perfidity
perfunctory
peril
perilous
perilously
perish
perishable
perished
perishing
perjury
pernicious
perpetrator
perpetuation
perplex
perplexed
perplexing
perplexity
persecute
persecution
persistent
pertinacious
pertinaciously
pertinacity
perturb
perturbation
perturbed
pertussis
pervasive
perver*
perverse
perversely
perversion
perversity
pervert
perverted
perverts
pessimis*
pessimism
pessimist
pessimistic
pessimistically
pest
pestilence
pestilent
petrif*
petrified
petrify
petroleum
pettie*
pettifog
petty
petty*
phantom
phlegm
phobi*
phobia
phobic
phony
physical
picket
picketed
picketing
pickets
pickle
picky
pig
pigeon
pigs
piles
pillage
pillory
pimp
pimple
pinch
pine
pinion
pique
piracy
pirate
piss*
pissed
pistol
pitfall
piti*
pitiable
pitiful
pitifully
pitiless
pitilessly
pittance
pity
pity*
plagiarism
plagiarize
plague
plague*
plaintiff
plasticky
plated
player
plaything
plea
pleas
plebeian
plight
plodding
plot
plotters
ploy
plummet
plunder
plunderer
plunge
pneumonia
poaching
pointless
pointlessly
poison
poison*
poisoned
poisoning
poisonous
poisonously
poke
pokey
poky
polarisation
polemic
polemize
polio
pollute
polluter
polluters
pollution
polution
polygamy
pomp
pompous
ponderous
poor
poorer
poorest
poorly
porcupine
porn
porno
pornographic
pornography
pose
possessed
possession
possessive
posthumous
postponement
posturing
pound
pout
pouty
poverty
powerless
prank
prate
pratfall
prattle
precarious
precariously
precinct
precipitate
precipitous
predatory
predicament
pregnancy
prejudge
prejudic*
prejudice
prejudiced
prejudices
prejudicial
premeditated
preoccupy
prepared
preposterous
preposterously
presentment
pressur*
pressure
presumptuous
presumptuously
pretence
pretend
pretended
pretending
pretense
pretensions
pretentious
pretentiously
prettiest
prevaricate
preventive
prey
pricey
pricier
prick
prick*
prickle
prickles
prickly
prideful
prik
primitive
prison
prisoner
privy
problem
problem*
problematic
problems
procrastinate
procrastinates
procrastination
prodigal
profane
profanity
profusion
prohibit
prohibited
prohibition
prohibitive
prohibitively
prolong
promiscuous
propaganda
propagandize
proprietary
prosecute
prosecution
prostitute
prostitution
protective
protest
protested
protesting
protests
protracted
provocation
provocative
provoke
provoking
pry
prying
psychosis
psychotic
publicist
puffy
pugnacious
pugnaciously
pugnacity
puk*
punch
pungent
punish
punish*
punishable
punished
punishing
punishment
punitive
punk
puny
puppet
puppets
puppy
purgatory
purge
push
pussy
pussy*
puzzled
puzzlement
puzzling
quack
quagmire
quail
qualm
qualms
quandary
quarrel
quarrellous
quarrellously
quarrels
quarrelsome
quash
queer
queer*
quell
questionable
quibble
quibbles
quicksilver
quit
quitter
quiver
quivering
quiz
quote
rabble
rabid
rabies
racism
racist
racists
rack
racket
racy
radiation
radical
radicalization
radically
radicals
radioactive
radon
rage
rage*
ragged
raging
rags
raid
rail
raked
rambling
rampage
rampant
ramshackle
rancid
rancid*
rancor
randomly
rankle
ransom
rant
ranted
ranting
rantingly
rants
rape
rape*
raped
raping
rapist*
raptors
rascal
rascals
rash
rating
rattle
rattled
rattles
raucous
ravage
rave
raven
ravenous
raving
react
reactionary
reaper*
rear
rebel
rebel*
rebellious
rebuff
rebuke
rebut
recalcitrant
recant
recession
recessionary
recidivism
reckless
recklessly
recklessness
recoil
recourses
redundancy
redundant
reek*
reflux
refractory
refusal
refuse
refused
refuses
refusing
refutation
refute
refuted
refutes
refuting
regress
regression
regressive
regret
regret*
regreted
regretful
regretfully
regrets
regrettable
regrettably
regretted
regretting
regulatory
rein
reject
reject*
rejected
rejecting
rejection
rejects
rekindle
relapse
relegation
relentless
relentlessly
relentlessness
relinquish
reluctan*
reluctance
reluctant
reluctantly
remains
remand
remedial
remiss
remorse
remorse*
remorseful
remorsefully
remorseless
remorselessly
remorselessness
removal
remove
rencontre
rend
renegade
renounce
renunciation
repel
repellant
repellent
repelling
repetitive
reprehensible
reprehensibly
reprehension
reprehensive
repress
repress*
repression
repressive
reprimand
reprint
reprisal
reproach
reproachful
reprove
reprovingly
republic
repudiate
repudiation
repugn
repugnance
repugnant
repugnantly
repulse
repulsed
repulsing
repulsion
repulsive
repulsively
repulsiveness
rescind
rescission
resent
resent*
resentful
resentment
resign
resign*
resignation
resigned
resist
resistance
resistant
resisting
restless
restless*
restlessness
restrain
restrict
restricted
restriction
restrictive
resurgent
retaliate
retaliation
retaliatory
retard
retardation
retarded
retardedness
retards
reticent
retirement
retort
retract
retraction
retreat
retreated
retrenchment
retribution
retrograde
revenge
revenge*
revengeful
revengefully
reversal
revert
revile
reviled
revocation
revoke
revolt
revolting
revoltingly
revolution
revolver
revulsion
revulsive
rhapsodize
rhetoric
rhetorical
rheumatism
ricer
richest
rickety
riddled
ridicul*
ridicule
ridicules
ridiculous
ridiculously
rife
rifle
rift
rifts
rigid
rigid*
rigidity
rigidness
rigor
rigorous
rile
riled
ringer
riot
riotous
rip
rip-off
ripoff
ripped
risk
risk*
risks
risky
rival
rivalry
roadblocks
roar
robber
robbery
rocky
rogue
rollercoaster
rook
rot
rotten
rotting
rough
roughness
rout
rowdy
royal
rremediable
rubbish
rubble
rude
rude*
rue
ruffian
ruffle
rugged
ruin
ruin*
ruined
ruining
ruinous
ruins
rumbling
rumor
rumors
rumours
rumple
run-down
runaway
rupture
ruse
rust
rusts
rusty
rut
ruthless
ruthlessly
ruthlessness
ruts
saber
sabotage
sack
sacrificed
sacrifices
sad
sadde*
sadden
sadly
sadness
sag
sagged
sagging
saggy
sags
salacious
sanctimonious
sap
sarcas*
sarcasm
sarcastic
sarcastically
sarcoma
sardonic
sardonically
sass
sassy
satanic
satirical
satirize
saturated
savage
savage*
savaged
savagery
savages
scab
scaffold
scalpel
scaly
scam
scams
scandal
scandalize
scandalized
scandalous
scandalously
scandals
scandel
scandels
scant
scanty
scapegoat
scar
scarce
scarcely
scarcity
scare
scare*
scarecrow
scared
scarier
scariest
scarily
scaring
scarred
scars
scary
scathing
scathingly
scavenger
sceptic*
sceptical
scheme
schism
schizophrenia
sciatica
scoff
scoffingly
scold
scolded
scolding
scoldingly
scorching
scorchingly
scorn
scornful
scornfully
scorpion
scotch
scoundrel
scourge
scowl
scramble
scrambled
scrambles
scrambling
scrap
scrapie
scratch
scratched
scratches
scratchy
scrawny
scream
scream*
screaming
screech
screw*
screw-up
screwed
screwed-up
screwy
scrimmage
scrub
scrutinize
scrutiny
scuff
scuffs
scum
scummy
sear
secession
secluded
seclusion
second-class
second-tier
secondhand
secretion
secretive
sectarian
sedentary
sedition
seduce
seduction
seedy
seethe
seething
segregate
segregated
seize
self-coup
self-criticism
self-defeating
self-destructive
self-humiliation
self-interest
self-interested
self-serving
selfinterested
selfish
selfish*
selfishly
selfishness
semi-retarded
senile
sensationalize
senseless
senselessly
sentence
separatist
sepsis
septic
sequestration
serious
seriously
seriousness
sermonize
serpent
servant
serve
servile
servitude
set-up
setback
setbacks
sever
severe
severe*
severity
sewage
sewerage
sexy
sh*t
shabby
shack
shackle
shadowy
shady
shake
shake*
shaki*
shaking
shaky
shallow
sham
shambles
shame
shame*
shameful
shamefully
shamefulness
shameless
shamelessly
shamelessness
shanghai
shark
sharply
shatter
shattered
shed
shell
shelved
shemale
shimmer
shimmy
shipwreck
shirk
shirker
shit
shit*
shitty
shiver
shock
shock*
shocked
shocking
shockingly
shoddy
shook
shoot
shooting
shoplifting
short-lived
shortage
shortchange
shortcoming
shortcomings
shortness
shortsighted
shortsightedness
shot
shout
shove
showdown
showy
shrew
shriek
shrill
shrilly
shrink
shrivel
shroud
shrouded
shrug
shrunk
shudder
shun
shunned
shy
shy*
sick
sicken
sicken*
sickening
sickeningly
sickly
sickness
sidetrack
sidetracked
siege
sillily
silly
simplistic
simplistically
sin
sinful
sinfully
sinister
sinisterly
sink
sinking
sinner
sinning
sins
siren
sissy
skeletons
skeptic
skeptic*
skeptical
skeptically
skepticism
sketchy
skewed
skid
skimpy
skinny
skip
skirmish
skittish
skittishly
skulk
slack
slag
slam
slander
slanderer
slanderous
slanderously
slanders
slap
slashing
slaughter
slaughter*
slaughtered
slaughterhouse
slaughtering
slave
slavery
slaves
slay
slayer
sleazy
sleet
slight
slime
slimy
slink
slip
slog
slogged
slogging
slogs
sloooooooooooooow
sloooow
slooow
sloow
slop
sloppily
sloppy
sloth
slothful
slouch
slough
slow
slow-moving
slowed
slower
slowest
slowly
slowness
sloww
slowww
slowwww
sludge
slug
sluggish
slum
slump
slumping
slumpping
slur
slush
slut
slut*
sluts
sly
smack
small
smaller
smallish
smash
smashed
smattering
smear
smell
smelled
smelling
smells
smelly
smelt
smirk
smite
smoke
smoker
smokescreen
smolder
smoldering
smother
smother*
smoulder
smouldering
smudge
smudged
smudges
smudging
smug
smug*
smuggle
smuggler
smuggling
smugly
smut
smuttier
smuttiest
smutty
snag
snagged
snagging
snags
snake
snap
snappish
snappishly
snare
snarky
snarl
snarling
sneak
sneakily
sneaking
sneaky
sneer
sneering
sneeringly
sneeze
snide
snob
snob*
snobbish
snobby
snobish
snobs
snort
snub
so-cal
soak
soapy
sob
sobbed
sobbing
sober
sobering
sobs
socialist
soft
soil
soiled
solemn
solemn*
solicitude
somatic
somber
sonofa*
soot
sorcery
sordid
sore
sorely
soreness
sorrow
sorrow*
sorrowful
sorrowfully
sorry
sortie
soulless
soulmate
sour
sourly
spade
spank
spasm
spat
spear
special
speck
spectacle
specter
spectral
speculation
spendy
spent
spew
spewed
spewing
spews
spilling
spine
spinster
spiritless
spite
spite*
spiteful
spitefully
spitefulness
splatter
splinter
split
splitting
spoil
spoilage
spoilages
spoiled
spoiler
spoilled
spoils
spoke
sponge
spook
spookier
spookiest
spookily
spooky
spoon-fed
spoon-feed
spoonfed
sporadic
spotty
sprain
spree
sprite
spurious
spurn
sputter
squabble
squabbling
squall
squander
squash
squatter
squeak
squeaks
squeaky
squeal
squealing
squeals
squeamish
squelch
squirm
stab
staggering
stagnant
stagnate
stagnation
staid
stain
stains
stale
stalemate
stalk
stall
stalls
stammer
stammer*
stampede
standoff
standstill
stank
staring
stark
starkly
startl*
startle
startled
startling
startlingly
starvation
starve
starved
starving
static
stationary
stave
steal
steal*
stealing
steals
stealthy
steep
steeply
stench
stench*
stereotype
stereotyped
stereotypical
stereotypically
sterile
sterility
sterling
stern
stew
sticky
stiff
stiffness
stifle
stifled
stifling
stiflingly
stigma
stigmatize
stillborn
sting
stinging
stingingly
stingy
stink
stink*
stinking
stinks
stint
stocks
stodgy
stole
stolen
stomp
stone
stoned
stooge
stooges
stools
stoppage
storm
stormy
straggle
straggler
strain
strain*
strained
straining
straits
stranded
strange
strangely
stranger
strangest
strangle
stray
streaky
strenuous
stress
stress*
stressed
stresses
stressful
stressfully
stricken
strict
strictly
strident
stridently
strife
strike
stringent
stringently
strip
stripe
stripped
stroke
stronger
strongest
struck
struggl*
struggle
struggled
struggles
struggling
strut
stubborn
stubborn*
stubbornly
stubbornness
stuck
stuffy
stumble
stumbled
stumbles
stump
stumped
stumps
stun
stunk
stuns
stunt
stunted
stupid
stupid*
stupidest
stupidity
stupidly
stupified
stupify
stupor
stutter
stutter*
stuttered
stuttering
stutters
sty
stymied
sub-par
subconscious
subdue
subdued
subject
subjected
subjection
subjugate
subjugation
submissive
submissive*
subordinate
subpoena
subpoenas
subservience
subservient
subsidence
subsidy
subsist
substandard
subtract
subversion
subversive
subversively
subvert
succulent
succumb
suck
sucked
sucker
sucker*
sucks
sucky
sue
sued
sueing
sues
suffer
suffered
sufferer
sufferer*
sufferers
suffering
suffers
suffocate
suffocating
suffocation
sugar-coat
sugar-coated
sugarcoated
suicid*
suicidal
suicide
sulk
sullen
sully
summons
sunder
sunk
sunken
superficial
superficiality
superficially
superfluous
superstition
superstitious
suppress
suppression
supremacy
surcharge
sure
surly
surprised
surrender
surrendering
surround
susceptible
suspect
suspension
suspicio*
suspicion
suspicions
suspicious
suspiciously
swab
swagger
swamp
swamped
swampy
swastika
swear
sweaty
swelled
swelling
swig
swindle
swine
swipe
swollen
symptom
symptoms
syncope
syndrome
synonymous
taboo
tackle
tacky
taint
tainted
tall
taller
tallest
talons
tamper
tangle
tangled
tangles
tank
tanked
tanks
tantalizing
tantrum
tantrum*
tardiness
tardy
tariff
tarnish
tarnished
tarnishes
tarnishing
tarry
tasteless
tattered
taunt
taunting
tauntingly
taunts
taut
tawdry
taxing
tears
teary
teas*
tease
teasing
teasingly
tedious
tediously
tedium
teen
teens
temerity
temper
tempers
tempest
temptation
tenderness
tenement
tense
tense*
tensing
tension
tension*
tentative
tentatively
tenuous
tenuously
tepid
terminal
termination
termite
terribl*
terrible
terribleness
terribly
terrified
terrifies
terrify
terrifying
terror
terror*
terror-genic
terrorism
terrorist
terrorize
testily
testy
tetanus
tetchily
tetchy
tether
thankless
theft
theism
theocratic
thicker
thief
thieve*
thin
thirst
thirsty
thorn
thorny
thoughtless
thoughtlessly
thoughtlessness
thrash
threat
threat*
threaten
threatening
threats
threesome
thresh
thrilled
throb
throbbed
throbbing
throbs
throttle
thrust
thug
thumb-down
thumbs-down
thump
thundering
thwart
ticked
tiff
time-consuming
timid
timid*
timidity
timidly
timidness
tin-y
tingled
tingling
tipsy
tirade
tired
tiredness
tiresome
tiring
tiringly
tit
tits
titties
titty
toad
tobacco
toil
toilet
toils
tolerate
toll
tomb*
toothache
top-heavy
topple
torment
tormented
torn
torpedo
torrent
torrid
tort
tortious
tortuous
tortur*
torture
tortured
tortures
torturing
torturous
torturously
totalitarian
touched
touchy
tough
tough*
toughness
tout
touted
touts
toxic
toxin
traduce
traged*
tragedy
tragic
tragic*
tragically
traitor
traitorous
traitorously
tramp
trample
trance
transgress
transgression
trap
traped
trapped
trappings
traps
trash
trashed
trashy
trauma
trauma*
traumatic
traumatically
traumatize
traumatized
travail
travesties
travesty
treacherous
treacherously
treachery
treason
treasonous
treat
trembl*
trembling
tremor
trepidation
trespass
tribulation
tribunal
trick
trick*
tricked
trickery
tricky
trifle
tripping
trite
trivi*
trivial
trivialize
troll
troubl*
trouble
troubled
troublemaker
troubles
troublesome
troublesomely
troubling
troublingly
truant
trumpet
tumble
tumbled
tumbles
tumor
tumour
tumult
tumultuous
turbulence
turbulent
turmoil
twist
twisted
twists
twitch
two-faced
two-faces
typhoon
tyrannical
tyrannically
tyranny
tyrant
ugh
ugl*
uglier
ugliest
ugliness
ugly
ulcer
ulterior
ultimatum
ultimatums
ultra-hardline
un-viewable
unable
unacceptable
unacceptablely
unacceptably
unaccessible
unaccountable
unaccustomed
unachievable
unaffordable
unappealing
unapproved
unattached
unattainable
unattractive
unauthentic
unauthorized
unavailable
unavoidable
unavoidably
unaware
unbearable
unbearablely
unbeaten
unbelief
unbelievable
unbelievably
unborn
unbridled
uncanny
uncaring
uncertain
uncertain*
unchangeable
uncivil
uncivilized
unclean
unclear
uncollectible
uncomfortabl*
uncomfortable
uncomfortably
uncomfy
uncompetitive
uncompromising
uncompromisingly
unconfirmed
unconscionable
unconscious
unconstitutional
uncontrol*
uncontrollable
uncontrolled
unconvincing
unconvincingly
uncooperative
uncouth
uncreative
undecided
undefined
undependability
undependable
undercut
undercuts
undercutting
underdog
underestimate
underlings
undermine
undermined
undermines
undermining
underpaid
underpowered
undersized
undesirable
undesired
undetermined
undid
undignified
undissolved
undo
undocumented
undone
undue
uneas*
unease
uneasily
uneasiness
uneasy
uneconomical
uneducated
unemployed
unequal
unethical
uneven
uneventful
unexpected
unexpectedly
unexplained
unfair
unfairly
unfairness
unfaithful
unfaithfully
unfamiliar
unfavorable
unfeeling
unfinished
unfit
unforeseen
unforgiving
unfortunate
unfortunate*
unfortunately
unfounded
unfriendly
unfulfilled
unfunded
unfurnished
ungodly
ungovernable
ungrateful
ungrateful*
unhapp*
unhappily
unhappiness
unhappy
unhealthy
unhelpful
unholy
unilateralism
unimaginable
unimaginably
unimportant
unimpress*
unimpressed
unimproved
uninformed
uninitiated
uninspired
uninsured
unintelligible
unintelligile
unintentionally
uninterested
uninteresting
unipolar
unjust
unjustifiable
unjustifiably
unjustified
unjustly
unkind
unkindly
unknown
unlamentable
unlamentably
unlawful
unlawfully
unlawfulness
unleash
unlicensed
unlikely
unlov*
unlucky
unmanageable
unmoved
unnatural
unnaturally
unnecessary
unneeded
unnerve
unnerved
unnerving
unnervingly
unnoticed
unobserved
unofficial
unorthodox
unorthodoxy
unpaid
unpleasant
unpleasantries
unpopular
unpredictable
unprepared
unproductive
unprofitable
unprotected
unprove
unproved
unproven
unproves
unproving
unpublished
unqualified
unravel
unraveled
unreachable
unreadable
unrealistic
unreasonable
unreasonably
unrelenting
unrelentingly
unreliability
unreliable
unrequited
unresolved
unresponsive
unrest
unruly
unsafe
unsatisfactory
unsatisfied
unsavo*
unsavory
unscrupulous
unscrupulously
unsecure
unseemly
unsettle
unsettled
unsettling
unsettlingly
unsightly
unskilled
unsophisticated
unsound
unspeakable
unspeakablely
unspecified
unstable
unsteadily
unsteadiness
unsteady
unsuccessful
unsuccessful*
unsuccessfully
unsuitable
unsung
unsupported
unsupportive
unsure
unsure*
unsuspecting
unsustainable
unsympathetic
untamed
untenable
untested
unthinkable
unthinkably
untidy
untie
untimely
untitled
untold
untouched
untoward
untrained
untrue
untrustworthy
untruthful
unusable
unusably
unuseable
unuseably
unusual
unusually
unviewable
unwanted
unwarranted
unwashed
unwatchable
unwelcom*
unwelcome
unwell
unwieldy
unwilling
unwillingly
unwillingness
unwise
unwisely
unwitting
unworkable
unworthy
unyielding
upbraid
upheaval
uphill
upper
uprising
uproar
uproarious
uproariously
uproarous
uproarously
uproot
upset
upset*
upseting
upsets
upsetting
upsettingly
uptight*
urchin
urgent
urn*
useless
useless*
usurp
usurped
usurper
usury
utterly
vacancy
vacuous
vagrant
vague
vagueness
vain
vainly
vampire
vanished
vanity
varicella
varicose
vegetative
vehement
vehemently
vendetta
vengeance
vengeful
vengefully
vengefulness
venom
venomous
venomously
vent
verbosity
verge
vermin
versus
vertigo
vestiges
veto
vex
vexation
vexing
vexingly
vibrate
vibrated
vibrates
vibrating
vibration
vice
vicious
vicious*
viciously
viciousness
victim
victim*
victimize
victimized
vile
vileness
vilify
villain
villain*
villainous
villainously
villains
villian
villianous
villianously
villify
vindictive
vindictively
vindictiveness
violat*
violate
violation
violator
violators
violence
violent
violent*
violently
viper
virulence
virulent
virulently
virus
visitation
vixen
vociferous
vociferously
volatile
volatility
volcano
vomit
vomited
vomiting
vomits
voodoo
vulgar
vulgarity
vulnerab*
vulnerability
vulnerable
vulture
vulture*
wack
waffle
wail
wait
wallow
wane
waning
wanker*
wanting
wanton
war
war-like
warden
ware
warfare
warfare*
warily
wariness
warlike
warn
warned
warning
warp
warped
warred
warring
wars
wart
wary
washed-out
waste
wasted
wasteful
wastefulness
wasting
water-down
watered-down
watery
waver
wayward
weak
weak*
weaken
weakened
weakening
weaker
weakly
weakness
weaknesses
weapon*
wear
wearily
weariness
wearisome
weary
wedge
weed
weeds
weep
weep*
weight
weird
weird*
weirdly
weirdo
wench
wept
whack
wheedle
whim
whimper
whine
whine*
whining
whiny
whip
whips
whirlwind
whisky
whore
whore*
whores
wicked
wicked*
wickedly
wickedness
wild
wildcat
wildfire
wildly
wiles
willful
wilt
wily
wimp
wimp*
wimpy
wince
witch
witchcraft
withdraw
wither
withered
wobble
wobbled
wobbles
woe
woe*
woebegone
woeful
woefully
womanizer
womanizing
words
worm
worn
worr*
worried
worriedly
worrier
worries
worrisome
worry
worrying
worryingly
worse
worse*
worsen
worsening
worst
worthless
worthless*
worthlessly
worthlessness
wound
wounded
wounds
wrangle
wrangling
wrath
wreak
wreaked
wreaks
wreck
wrecked
wrench
wrest
wrestle
wrestling
wretch
wretched
wretchedly
wretchedness
wrinkle
wrinkled
wrinkles
wrip
wripped
wripping
writhe
wrong
wrong*
wrongdoing
wrongful
wrongly
wrought
xenophobia
yawn
yawning
yearn*
yearning
yell
yellow
yellows
yelp
zap
zapped
zaps
zealot
zealous
zealously
zombie